{
    "loss": 0.16629377007484436,
    "accuracy": 0.9482758641242981
}